{
  "aerolineas": [
    {
      "id_aerolinea": 1,
      "nombre": "Iberia",
      "pais_origen": "España",
      "anio_fundacion": 1927,
      "flota_activa": 85,
      "pagina_web": "https://www.iberia.com"
    },
    {
      "id_aerolinea": 2,
      "nombre": "American Airlines",
      "pais_origen": "EEUU",
      "anio_fundacion": 1930,
      "flota_activa": 956,
      "pagina_web": "https://www.aa.com"
    },
    {
      "id_aerolinea": 3,
      "nombre": "Emirates",
      "pais_origen": "Emiratos Árabes Unidos",
      "anio_fundacion": 1985,
      "flota_activa": 265,
      "pagina_web": "https://www.emirates.com"
    },
    {
      "id_aerolinea": 4,
      "nombre": "Lufthansa",
      "pais_origen": "Alemania",
      "anio_fundacion": 1953,
      "flota_activa": 279,
      "pagina_web": "https://www.lufthansa.com"
    }
  ],

  "aviones": [
    {
      "id_avion": 101,
      "modelo": "Boeing 737-800",
      "capacidad_pasajeros": 189,
      "alcance_km": 5765,
      "anio_fabricacion": 2018,
      "id_aerolinea": 1
    },
    {
      "id_avion": 102,
      "modelo": "Airbus A380",
      "capacidad_pasajeros": 517,
      "alcance_km": 15700,
      "anio_fabricacion": 2020,
      "id_aerolinea": 3
    },
    {
      "id_avion": 103,
      "modelo": "Boeing 787 Dreamliner",
      "capacidad_pasajeros": 242,
      "alcance_km": 14000,
      "anio_fabricacion": 2019,
      "id_aerolinea": 2
    },
    {
      "id_avion": 104,
      "modelo": "Airbus A320neo",
      "capacidad_pasajeros": 180,
      "alcance_km": 6850,
      "anio_fabricacion": 2022,
      "id_aerolinea": 4
    }
  ],

  "vuelos": [
    {
      "id_vuelo": "IB1234",
      "origen": "MAD",
      "destino": "BCN",
      "fecha_salida": "2024-05-20",
      "hora_salida": "08:30",
      "id_avion": 101,
      "id_aerolinea": 1,
      "estado": "Programado",
      "duracion_min": 75
    },
    {
      "id_vuelo": "AA5678",
      "origen": "JFK",
      "destino": "LHR",
      "fecha_salida": "2024-05-21",
      "hora_salida": "15:45",
      "id_avion": 103,
      "id_aerolinea": 2,
      "estado": "En vuelo",
      "duracion_min": 415
    },
    {
      "id_vuelo": "EK2468",
      "origen": "DXB",
      "destino": "SYD",
      "fecha_salida": "2024-05-22",
      "hora_salida": "22:15",
      "id_avion": 102,
      "id_aerolinea": 3,
      "estado": "Completado",
      "duracion_min": 840
    },
    {
      "id_vuelo": "LH678",
      "origen": "FRA",
      "destino": "NRT",
      "fecha_salida": "2024-05-23",
      "hora_salida": "10:00",
      "id_avion": 104,
      "id_aerolinea": 4,
      "estado": "Programado",
      "duracion_min": 720
    }
  ],

  "pasajeros": [
    {
      "id_pasajero": 1,
      "nombre": "Ana López García",
      "edad": 34,
      "pasaporte": "P12345678",
      "nacionalidad": "Española",
      "id_vuelo": "IB1234",
      "clase": "Turista",
      "asiento": "12A",
      "equipaje": [
        {
          "id_equipaje": "IB1234-12A-1",
          "tipo": "Facturado",
          "peso_kg": 23,
          "dimensiones": "70x50x30 cm"
        },
        {
          "id_equipaje": "IB1234-12A-2",
          "tipo": "Mano",
          "peso_kg": 8,
          "dimensiones": "40x30x15 cm"
        }
      ]
    },
    {
      "id_pasajero": 2,
      "nombre": "John Smith",
      "edad": 45,
      "pasaporte": "US987654",
      "nacionalidad": "Estadounidense",
      "id_vuelo": "AA5678",
      "clase": "Business",
      "asiento": "3B",
      "equipaje": [
        {
          "id_equipaje": "AA5678-3B-1",
          "tipo": "Facturado",
          "peso_kg": 32,
          "dimensiones": "80x60x40 cm"
        }
      ]
    },
    {
      "id_pasajero": 3,
      "nombre": "Fatima Al-Maktoum",
      "edad": 29,
      "pasaporte": "UAE54321",
      "nacionalidad": "Emiratí",
      "id_vuelo": "EK2468",
      "clase": "Primera",
      "asiento": "1F",
      "equipaje": [
        {
          "id_equipaje": "EK2468-1F-1",
          "tipo": "Facturado",
          "peso_kg": 40,
          "dimensiones": "90x70x50 cm"
        },
        {
          "id_equipaje": "EK2468-1F-2",
          "tipo": "Mano",
          "peso_kg": 12,
          "dimensiones": "55x40x25 cm"
        }
      ]
    },
	 {
      "id_pasajero": 4,
      "nombre": "Pierre Dubois",
      "edad": 52,
      "pasaporte": "FR789012",
      "nacionalidad": "Francés",
      "id_vuelo": "LH678",
      "clase": "Business",
      "asiento": "15C",
      "equipaje": [
        {
          "id_equipaje": "LH678-15C-1",
          "tipo": "Facturado",
          "peso_kg": 28,
          "dimensiones": "75x55x35 cm"
        },
        {
          "id_equipaje": "LH678-15C-2",
          "tipo": "Mano",
          "peso_kg": 10,
          "dimensiones": "45x35x20 cm"
        }
      ]
    },
    {
      "id_pasajero": 5,
      "nombre": "Yuki Tanaka",
      "edad": 27,
      "pasaporte": "JP456789",
      "nacionalidad": "Japonesa",
      "id_vuelo": "LH678",
      "clase": "Turista",
      "asiento": "22B",
      "equipaje": [
        {
          "id_equipaje": "LH678-22B-1",
          "tipo": "Facturado",
          "peso_kg": 24,
          "dimensiones": "70x50x30 cm"
        },
        {
          "id_equipaje": "LH678-22B-2",
          "tipo": "Facturado",
          "peso_kg": 29.5,
          "dimensiones": "80x60x40 cm"
        },
        {
          "id_equipaje": "LH678-22B-3",
          "tipo": "Mano",
          "peso_kg": 7,
          "dimensiones": "40x30x15 cm"
        }
      ]
    },
    {
      "id_pasajero": 6,
      "nombre": "Maria González",
      "edad": 38,
      "pasaporte": "AR112233",
      "nacionalidad": "Argentina",
      "id_vuelo": "IB1234",
      "clase": "Turista",
      "asiento": "18F",
      "equipaje": [
        {
          "id_equipaje": "IB1234-18F-1",
          "tipo": "Facturado",
          "peso_kg": 22.5,
          "dimensiones": "68x48x28 cm"
        }
      ]
    },
    {
      "id_pasajero": 7,
      "nombre": "Omar Al-Fayed",
      "edad": 63,
      "pasaporte": "EG445566",
      "nacionalidad": "Egipcio",
      "id_vuelo": "EK2468",
      "clase": "Primera",
      "asiento": "2A",
      "equipaje": [
        {
          "id_equipaje": "EK2468-2A-1",
          "tipo": "Facturado",
          "peso_kg": 35,
          "dimensiones": "90x70x50 cm"
        },
        {
          "id_equipaje": "EK2468-2A-2",
          "tipo": "Mano",
          "peso_kg": 15,
          "dimensiones": "60x40x25 cm"
        }
      ]
    },
    {
      "id_pasajero": 8,
      "nombre": "Emma Wilson",
      "edad": 24,
      "pasaporte": "CA778899",
      "nacionalidad": "Canadiense",
      "id_vuelo": "AA5678",
      "clase": "Turista",
      "asiento": "45K",
      "equipaje": [
        {
          "id_equipaje": "AA5678-45K-1",
          "tipo": "Facturado",
          "peso_kg": 19.8,
          "dimensiones": "65x45x25 cm"
        }
      ]
    }
  ]
}