{
	  "empresas": [
    {
      "id_empresa": 501,
      "nombre": "TechGlobal Solutions",
      "industria": "Tecnología",
      "tipo": "Mayorista"
    },
    {
      "id_empresa": 502,
      "nombre": "OfficeDesign Europe",
      "industria": "Mobiliario",
      "tipo": "Fabricante"
    },
    {
      "id_empresa": 503,
      "nombre": "Cloud Innovations Inc.",
      "industria": "Software",
      "tipo": "Startup"
    },
    {
      "id_empresa": 504,
      "nombre": "Haute Couture Paris",
      "industria": "Moda",
      "tipo": "Diseño"
    },
    {
      "id_empresa": 505,
      "nombre": "Euro Logistics GmbH",
      "industria": "Transporte",
      "tipo": "Distribuidor"
    }
  ],
  "oficinas": [
    {
      "id_oficina": 1,
      "ciudad": "Shenzhen",
      "pais": "China",
      "codigo_postal": "518000",
      "id_empresa": 501
    },
    {
      "id_oficina": 2,
      "ciudad": "Milán",
      "pais": "Italia",
      "codigo_postal": "20100",
      "id_empresa": 502
    },
    {
      "id_oficina": 3,
      "ciudad": "San Francisco",
      "pais": "EEUU",
      "codigo_postal": "94105",
      "id_empresa": 503
    },
    {
      "id_oficina": 4,
      "ciudad": "París",
      "pais": "Francia",
      "codigo_postal": "75008",
      "id_empresa": 504
    },
    {
      "id_oficina": 5,
      "ciudad": "Berlín",
      "pais": "Alemania",
      "codigo_postal": "10115",
      "id_empresa": 505
    }
  ],
  "empleados": [
    {
      "id_empleado": 1,
      "nombre": "Zhang Wei",
      "edad": 38,
      "puesto": "Representante Comercial",
      "departamento": "Ventas",
      "email": "wei.zhang@techglobal.cn",
      "telefono": "+86 755 1234 5678",
      "id_empresa": 501,
      "id_oficina": 1
    },
    {
      "id_empleado": 2,
      "nombre": "Giulia Rossi",
      "edad": 29,
      "puesto": "Diseñadora Senior",
      "departamento": "Diseño",
      "email": "g.rossi@officedesign.it",
      "telefono": "+39 02 9876 5432",
      "id_empresa": 502,
      "id_oficina": 2
    },
    {
      "id_empleado": 3,
      "nombre": "John Carter",
      "edad": 34,
      "puesto": "Ingeniero de Software",
      "departamento": "Tecnología",
      "email": "john.c@cloudinnovations.com",
      "telefono": "+1 415-555-0199",
      "id_empresa": 503,
      "id_oficina": 3
    },
    {
      "id_empleado": 4,
      "nombre": "Élodie Dubois",
      "edad": 41,
      "puesto": "Directora de Marketing",
      "departamento": "Marketing",
      "email": "e.dubois@hautecouture.fr",
      "telefono": "+33 1 2345 6789",
      "id_empresa": 504,
      "id_oficina": 4
    },
    {
      "id_empleado": 5,
      "nombre": "Klaus Fischer",
      "edad": 45,
      "puesto": "Gerente de Logística",
      "departamento": "Operaciones",
      "email": "k.fischer@logisticsde.de",
      "telefono": "+49 30 98765432",
      "id_empresa": 505,
      "id_oficina": 5
    },
    {
      "id_empleado": 6,
      "nombre": "Carlos Mendoza",
      "edad": 32,
      "puesto": "Especialista en Marketing Digital",
      "departamento": "Marketing",
      "email": "c.mendoza@techglobal.cn",
      "telefono": "+86 755 8765 4321",
      "id_empresa": 501,
      "id_oficina": 1
    },
    {
      "id_empleado": 7,
      "nombre": "Aisha Al-Mansoori",
      "edad": 28,
      "puesto": "Asistente de Ventas",
      "departamento": "Ventas",
      "email": "aisha.m@officedesign.it",
      "telefono": "+39 02 1122 3344",
      "id_empresa": 502,
      "id_oficina": 2
    },
    {
      "id_empleado": 8,
      "nombre": "Liam O'Connor",
      "edad": 27,
      "puesto": "Desarrollador Front-End",
      "departamento": "Tecnología",
      "email": "liam.oc@cloudinnovations.com",
      "telefono": "+1 415-555-0200",
      "id_empresa": 503,
      "id_oficina": 3
    },
    {
      "id_empleado": 9,
      "nombre": "Sofia Ricci",
      "edad": 31,
      "puesto": "Diseñadora de Moda",
      "departamento": "Diseño",
      "email": "sofia.r@hautecouture.fr",
      "telefono": "+33 1 9876 5432",
      "id_empresa": 504,
      "id_oficina": 4
    },
    {
      "id_empleado": 10,
      "nombre": "Yusuf Erdogan",
      "edad": 40,
      "puesto": "Analista de Rutas",
      "departamento": "Logística",
      "email": "y.erdogan@logisticsde.de",
      "telefono": "+49 30 1122 3344",
      "id_empresa": 505,
      "id_oficina": 5
    }
  ],

  "proyectos": [
    {
      "id_proyecto": 1001,
      "nombre": "Migración a la Nube",
      "id_empresa": 503,
      "id_empleado_responsable": 3,
      "fecha_inicio": "2024-01-10",
      "estado": "En progreso",
      "presupuesto": 50000.00
    },
    {
      "id_proyecto": 1002,
      "nombre": "Campaña Otoño 2024",
      "id_empresa": 504,
      "id_empleado_responsable": 4,
      "fecha_inicio": "2024-02-15",
      "estado": "Planificación",
      "presupuesto": 120000.50
    },
    {
      "id_proyecto": 1003,
      "nombre": "Optimización de Rutas",
      "id_empresa": 505,
      "id_empleado_responsable": 5,
      "fecha_inicio": "2024-03-01",
      "estado": "Activo",
      "presupuesto": 75000.00
    },
    {
      "id_proyecto": 1004,
      "nombre": "Nueva Línea de Sillas Ejecutivas",
      "id_empresa": 502,
      "id_empleado_responsable": 2,
      "fecha_inicio": "2024-04-20",
      "estado": "Completado",
      "presupuesto": 30000.00
    },
    {
      "id_proyecto": 1005,
      "nombre": "Inteligencia Artificial para CRM",
      "id_empresa": 501,
      "id_empleado_responsable": 6,
      "fecha_inicio": "2024-05-01",
      "estado": "En desarrollo",
      "presupuesto": 90000.00
    },
    {
      "id_proyecto": 1006,
      "nombre": "Plataforma E-Commerce",
      "id_empresa": 503,
      "id_empleado_responsable": 8,
      "fecha_inicio": "2024-06-10",
      "estado": "En pruebas",
      "presupuesto": 65000.00
    },
    {
      "id_proyecto": 1007,
      "nombre": "Rediseño Colección Invierno",
      "id_empresa": 504,
      "id_empleado_responsable": 9,
      "fecha_inicio": "2024-07-15",
      "estado": "Planificación",
      "presupuesto": 85000.00
    },
    {
      "id_proyecto": 1008,
      "nombre": "Automatización Almacén",
      "id_empresa": 505,
      "id_empleado_responsable": 10,
      "fecha_inicio": "2024-08-01",
      "estado": "Propuesta",
      "presupuesto": 200000.00
    }
  ]
}